k141_1849560	2169412	species	Acidobacteriia bacterium AA117	2	2	1	0.500	unknown;Acidobacteria;unknown	-_cellular organisms;d_Bacteria;p_Acidobacteria;c_Acidobacteriia;-_unclassified Acidobacteriia;s_Acidobacteriia bacterium AA117
k141_1849599	2	superkingdom	Bacteria	10	9	7	0.780	uc_Bacteria;uc_Bacteria;uc_Bacteria	-_cellular organisms;d_Bacteria
k141_1849632	2	superkingdom	Bacteria	13	11	10	0.900	uc_Bacteria;uc_Bacteria;uc_Bacteria	-_cellular organisms;d_Bacteria
k141_894947	57723	phylum	Acidobacteria	13	10	6	0.600	unknown;Acidobacteria;uc_Acidobacteria	-_cellular organisms;d_Bacteria;p_Acidobacteria
k141_2408860	2	superkingdom	Bacteria	9	7	5	0.670	uc_Bacteria;uc_Bacteria;uc_Bacteria	-_cellular organisms;d_Bacteria
k141_2239647	57723	phylum	Acidobacteria	12	12	7	0.600	unknown;Acidobacteria;uc_Acidobacteria	-_cellular organisms;d_Bacteria;p_Acidobacteria
k141_1230969	57723	phylum	Acidobacteria	18	15	8	0.580	unknown;Acidobacteria;uc_Acidobacteria	-_cellular organisms;d_Bacteria;p_Acidobacteria
k141_1573800	2043161	species	Candidatus Sulfotelmatomonas gaucii	4	2	1	0.500	unknown;Acidobacteria;Acidobacteriaceae	-_cellular organisms;d_Bacteria;p_Acidobacteria;c_Acidobacteriia;o_Acidobacteriales;f_Acidobacteriaceae;g_Candidatus Sulfotelmatomonas;s_Candidatus Sulfotelmatomonas gaucii
k141_2240351	2201155	species	Pseudonocardiales bacterium	2	2	1	0.500	unknown;Actinobacteria;unknown	-_cellular organisms;d_Bacteria;-_Terrabacteria group;p_Actinobacteria;c_Actinomycetia;o_Pseudonocardiales;-_unclassified Pseudonocardiales;s_Pseudonocardiales bacterium
k141_2410132	57723	phylum	Acidobacteria	4	3	2	0.970	unknown;Acidobacteria;uc_Acidobacteria	-_cellular organisms;d_Bacteria;p_Acidobacteria
k141_2595389	2	superkingdom	Bacteria	9	9	8	0.860	uc_Bacteria;uc_Bacteria;uc_Bacteria	-_cellular organisms;d_Bacteria
k141_742860	57723	phylum	Acidobacteria	4	4	4	1.000	unknown;Acidobacteria;uc_Acidobacteria	-_cellular organisms;d_Bacteria;p_Acidobacteria
k141_2090660	57723	phylum	Acidobacteria	10	9	6	0.630	unknown;Acidobacteria;uc_Acidobacteria	-_cellular organisms;d_Bacteria;p_Acidobacteria
k141_1081491	57723	phylum	Acidobacteria	4	4	3	0.970	unknown;Acidobacteria;uc_Acidobacteria	-_cellular organisms;d_Bacteria;p_Acidobacteria
k141_2597527	2	superkingdom	Bacteria	7	7	6	0.860	uc_Bacteria;uc_Bacteria;uc_Bacteria	-_cellular organisms;d_Bacteria
k141_2598040	1978231	species	Acidobacteria bacterium	2	2	2	1.000	unknown;Acidobacteria;unknown	-_cellular organisms;d_Bacteria;p_Acidobacteria;-_unclassified Acidobacteria;s_Acidobacteria bacterium
k141_418590	2	superkingdom	Bacteria	2	2	2	1.000	uc_Bacteria;uc_Bacteria;uc_Bacteria	-_cellular organisms;d_Bacteria
k141_2599841	2	superkingdom	Bacteria	2	1	1	1.000	uc_Bacteria;uc_Bacteria;uc_Bacteria	-_cellular organisms;d_Bacteria
k141_1252568	57723	phylum	Acidobacteria	10	10	6	0.510	unknown;Acidobacteria;uc_Acidobacteria	-_cellular organisms;d_Bacteria;p_Acidobacteria
k141_1085861	2	superkingdom	Bacteria	5	5	4	0.800	uc_Bacteria;uc_Bacteria;uc_Bacteria	-_cellular organisms;d_Bacteria
k141_85215	2	superkingdom	Bacteria	22	17	13	0.760	uc_Bacteria;uc_Bacteria;uc_Bacteria	-_cellular organisms;d_Bacteria
k141_430299	2	superkingdom	Bacteria	25	22	18	0.840	uc_Bacteria;uc_Bacteria;uc_Bacteria	-_cellular organisms;d_Bacteria
k141_1608941	2	superkingdom	Bacteria	7	7	5	0.710	uc_Bacteria;uc_Bacteria;uc_Bacteria	-_cellular organisms;d_Bacteria
k141_1609081	57723	phylum	Acidobacteria	8	8	6	0.720	unknown;Acidobacteria;uc_Acidobacteria	-_cellular organisms;d_Bacteria;p_Acidobacteria
k141_1095353	2	superkingdom	Bacteria	16	14	12	0.830	uc_Bacteria;uc_Bacteria;uc_Bacteria	-_cellular organisms;d_Bacteria
k141_2105281	57723	phylum	Acidobacteria	6	4	2	0.510	unknown;Acidobacteria;uc_Acidobacteria	-_cellular organisms;d_Bacteria;p_Acidobacteria
k141_2442502	2	superkingdom	Bacteria	6	5	3	0.600	uc_Bacteria;uc_Bacteria;uc_Bacteria	-_cellular organisms;d_Bacteria
k141_756694	2	superkingdom	Bacteria	4	4	3	0.750	uc_Bacteria;uc_Bacteria;uc_Bacteria	-_cellular organisms;d_Bacteria
k141_86799	2	superkingdom	Bacteria	9	9	7	0.780	uc_Bacteria;uc_Bacteria;uc_Bacteria	-_cellular organisms;d_Bacteria
k141_1264709	2	superkingdom	Bacteria	14	13	8	0.660	uc_Bacteria;uc_Bacteria;uc_Bacteria	-_cellular organisms;d_Bacteria
k141_818098	57723	phylum	Acidobacteria	4	4	2	0.500	unknown;Acidobacteria;uc_Acidobacteria	-_cellular organisms;d_Bacteria;p_Acidobacteria
k141_151247	57723	phylum	Acidobacteria	13	12	7	0.550	unknown;Acidobacteria;uc_Acidobacteria	-_cellular organisms;d_Bacteria;p_Acidobacteria
k141_2001426	2	superkingdom	Bacteria	9	8	6	0.750	uc_Bacteria;uc_Bacteria;uc_Bacteria	-_cellular organisms;d_Bacteria
k141_1681877	2	superkingdom	Bacteria	5	5	3	0.600	uc_Bacteria;uc_Bacteria;uc_Bacteria	-_cellular organisms;d_Bacteria
k141_2510682	57723	phylum	Acidobacteria	9	8	5	0.670	unknown;Acidobacteria;uc_Acidobacteria	-_cellular organisms;d_Bacteria;p_Acidobacteria
k141_324903	57723	phylum	Acidobacteria	4	4	2	0.500	unknown;Acidobacteria;uc_Acidobacteria	-_cellular organisms;d_Bacteria;p_Acidobacteria
k141_2004098	2	superkingdom	Bacteria	23	22	17	0.810	uc_Bacteria;uc_Bacteria;uc_Bacteria	-_cellular organisms;d_Bacteria
k141_1164772	57723	phylum	Acidobacteria	4	3	2	0.670	unknown;Acidobacteria;uc_Acidobacteria	-_cellular organisms;d_Bacteria;p_Acidobacteria
k141_999719	2	superkingdom	Bacteria	7	7	6	0.860	uc_Bacteria;uc_Bacteria;uc_Bacteria	-_cellular organisms;d_Bacteria
k141_667228	57723	phylum	Acidobacteria	5	4	3	0.670	unknown;Acidobacteria;uc_Acidobacteria	-_cellular organisms;d_Bacteria;p_Acidobacteria
k141_2463015	2	superkingdom	Bacteria	5	4	4	1.000	uc_Bacteria;uc_Bacteria;uc_Bacteria	-_cellular organisms;d_Bacteria
k141_2125511	57723	phylum	Acidobacteria	6	4	2	0.500	unknown;Acidobacteria;uc_Acidobacteria	-_cellular organisms;d_Bacteria;p_Acidobacteria
k141_454955	2	superkingdom	Bacteria	4	4	3	0.750	uc_Bacteria;uc_Bacteria;uc_Bacteria	-_cellular organisms;d_Bacteria
k141_2126958	2169412	species	Acidobacteriia bacterium AA117	4	2	1	0.500	unknown;Acidobacteria;unknown	-_cellular organisms;d_Bacteria;p_Acidobacteria;c_Acidobacteriia;-_unclassified Acidobacteriia;s_Acidobacteriia bacterium AA117
k141_2633530	57723	phylum	Acidobacteria	11	11	6	0.560	unknown;Acidobacteria;uc_Acidobacteria	-_cellular organisms;d_Bacteria;p_Acidobacteria
k141_1634045	2	superkingdom	Bacteria	5	4	4	1.000	uc_Bacteria;uc_Bacteria;uc_Bacteria	-_cellular organisms;d_Bacteria
k141_2295018	2	superkingdom	Bacteria	13	12	8	0.700	uc_Bacteria;uc_Bacteria;uc_Bacteria	-_cellular organisms;d_Bacteria
k141_2128137	2	superkingdom	Bacteria	7	7	6	0.860	uc_Bacteria;uc_Bacteria;uc_Bacteria	-_cellular organisms;d_Bacteria
k141_1285735	2169412	species	Acidobacteriia bacterium AA117	6	5	3	0.600	unknown;Acidobacteria;unknown	-_cellular organisms;d_Bacteria;p_Acidobacteria;c_Acidobacteriia;-_unclassified Acidobacteriia;s_Acidobacteriia bacterium AA117
k141_778457	2	superkingdom	Bacteria	4	4	4	1.000	uc_Bacteria;uc_Bacteria;uc_Bacteria	-_cellular organisms;d_Bacteria
k141_1190098	57723	phylum	Acidobacteria	37	34	19	0.620	unknown;Acidobacteria;uc_Acidobacteria	-_cellular organisms;d_Bacteria;p_Acidobacteria
k141_1862821	2	superkingdom	Bacteria	2	2	1	0.500	uc_Bacteria;uc_Bacteria;uc_Bacteria	-_cellular organisms;d_Bacteria
k141_181636	57723	phylum	Acidobacteria	5	5	3	0.510	unknown;Acidobacteria;uc_Acidobacteria	-_cellular organisms;d_Bacteria;p_Acidobacteria
k141_518528	57723	phylum	Acidobacteria	23	20	12	0.640	unknown;Acidobacteria;uc_Acidobacteria	-_cellular organisms;d_Bacteria;p_Acidobacteria
k141_854439	2	superkingdom	Bacteria	6	6	6	1.000	uc_Bacteria;uc_Bacteria;uc_Bacteria	-_cellular organisms;d_Bacteria
k141_1359142	1	no rank	root	4	4	4	1.000	unknown;unknown;unknown	-_root
k141_2536917	57723	phylum	Acidobacteria	8	8	4	0.500	unknown;Acidobacteria;uc_Acidobacteria	-_cellular organisms;d_Bacteria;p_Acidobacteria
k141_2200672	57723	phylum	Acidobacteria	3	3	2	0.520	unknown;Acidobacteria;uc_Acidobacteria	-_cellular organisms;d_Bacteria;p_Acidobacteria
k141_687199	57723	phylum	Acidobacteria	3	3	2	0.670	unknown;Acidobacteria;uc_Acidobacteria	-_cellular organisms;d_Bacteria;p_Acidobacteria
k141_1360267	2	superkingdom	Bacteria	7	5	4	0.800	uc_Bacteria;uc_Bacteria;uc_Bacteria	-_cellular organisms;d_Bacteria
k141_59685	57723	phylum	Acidobacteria	6	5	4	0.800	unknown;Acidobacteria;uc_Acidobacteria	-_cellular organisms;d_Bacteria;p_Acidobacteria
k141_402145	2169412	species	Acidobacteriia bacterium AA117	6	6	3	0.590	unknown;Acidobacteria;unknown	-_cellular organisms;d_Bacteria;p_Acidobacteria;c_Acidobacteriia;-_unclassified Acidobacteriia;s_Acidobacteriia bacterium AA117
k141_1740730	57723	phylum	Acidobacteria	3	3	2	0.670	unknown;Acidobacteria;uc_Acidobacteria	-_cellular organisms;d_Bacteria;p_Acidobacteria
k141_2416476	2	superkingdom	Bacteria	11	10	9	0.890	uc_Bacteria;uc_Bacteria;uc_Bacteria	-_cellular organisms;d_Bacteria
k141_1405856	57723	phylum	Acidobacteria	9	9	6	0.630	unknown;Acidobacteria;uc_Acidobacteria	-_cellular organisms;d_Bacteria;p_Acidobacteria
k141_567677	57723	phylum	Acidobacteria	7	7	4	0.660	unknown;Acidobacteria;uc_Acidobacteria	-_cellular organisms;d_Bacteria;p_Acidobacteria
k141_732474	2	superkingdom	Bacteria	11	8	7	0.840	uc_Bacteria;uc_Bacteria;uc_Bacteria	-_cellular organisms;d_Bacteria
k141_403544	57723	phylum	Acidobacteria	3	3	2	0.670	unknown;Acidobacteria;uc_Acidobacteria	-_cellular organisms;d_Bacteria;p_Acidobacteria
k141_2248384	57723	phylum	Acidobacteria	4	2	1	0.500	unknown;Acidobacteria;uc_Acidobacteria	-_cellular organisms;d_Bacteria;p_Acidobacteria
k141_733934	204432	class	Acidobacteriia	10	10	4	0.560	unknown;Acidobacteria;uc_Acidobacteriia	-_cellular organisms;d_Bacteria;p_Acidobacteria;c_Acidobacteriia
k141_157752	2	superkingdom	Bacteria	3	3	2	0.520	uc_Bacteria;uc_Bacteria;uc_Bacteria	-_cellular organisms;d_Bacteria
k141_1505919	1978231	species	Acidobacteria bacterium	2	2	1	0.500	unknown;Acidobacteria;unknown	-_cellular organisms;d_Bacteria;p_Acidobacteria;-_unclassified Acidobacteria;s_Acidobacteria bacterium
k141_2181162	2	superkingdom	Bacteria	7	6	5	0.800	uc_Bacteria;uc_Bacteria;uc_Bacteria	-_cellular organisms;d_Bacteria
k141_1171534	57723	phylum	Acidobacteria	13	12	6	0.590	unknown;Acidobacteria;uc_Acidobacteria	-_cellular organisms;d_Bacteria;p_Acidobacteria
k141_162856	57723	phylum	Acidobacteria	4	3	2	0.670	unknown;Acidobacteria;uc_Acidobacteria	-_cellular organisms;d_Bacteria;p_Acidobacteria
k141_2183153	57723	phylum	Acidobacteria	5	4	2	0.660	unknown;Acidobacteria;uc_Acidobacteria	-_cellular organisms;d_Bacteria;p_Acidobacteria
k141_2015163	2	superkingdom	Bacteria	7	6	5	0.760	uc_Bacteria;uc_Bacteria;uc_Bacteria	-_cellular organisms;d_Bacteria
k141_1511034	2	superkingdom	Bacteria	18	13	11	0.820	uc_Bacteria;uc_Bacteria;uc_Bacteria	-_cellular organisms;d_Bacteria
k141_1845146	2	superkingdom	Bacteria	6	6	4	0.670	uc_Bacteria;uc_Bacteria;uc_Bacteria	-_cellular organisms;d_Bacteria
k141_167533	2	superkingdom	Bacteria	3	3	2	0.670	uc_Bacteria;uc_Bacteria;uc_Bacteria	-_cellular organisms;d_Bacteria
k141_1373688	2	superkingdom	Bacteria	5	5	3	0.730	uc_Bacteria;uc_Bacteria;uc_Bacteria	-_cellular organisms;d_Bacteria
k141_2552191	57723	phylum	Acidobacteria	4	4	2	0.500	unknown;Acidobacteria;uc_Acidobacteria	-_cellular organisms;d_Bacteria;p_Acidobacteria
k141_368144	57723	phylum	Acidobacteria	2	2	1	0.500	unknown;Acidobacteria;uc_Acidobacteria	-_cellular organisms;d_Bacteria;p_Acidobacteria
k141_1038114	2	superkingdom	Bacteria	10	9	8	0.860	uc_Bacteria;uc_Bacteria;uc_Bacteria	-_cellular organisms;d_Bacteria
k141_1710363	57723	phylum	Acidobacteria	30	28	20	0.710	unknown;Acidobacteria;uc_Acidobacteria	-_cellular organisms;d_Bacteria;p_Acidobacteria
k141_30066	2	superkingdom	Bacteria	6	6	4	0.610	uc_Bacteria;uc_Bacteria;uc_Bacteria	-_cellular organisms;d_Bacteria
k141_369415	2	superkingdom	Bacteria	7	6	6	1.000	uc_Bacteria;uc_Bacteria;uc_Bacteria	-_cellular organisms;d_Bacteria
k141_2048518	2	superkingdom	Bacteria	5	5	4	0.800	uc_Bacteria;uc_Bacteria;uc_Bacteria	-_cellular organisms;d_Bacteria
k141_1039251	2169412	species	Acidobacteriia bacterium AA117	4	4	2	0.660	unknown;Acidobacteria;unknown	-_cellular organisms;d_Bacteria;p_Acidobacteria;c_Acidobacteriia;-_unclassified Acidobacteriia;s_Acidobacteriia bacterium AA117
k141_872519	57723	phylum	Acidobacteria	5	4	2	0.500	unknown;Acidobacteria;uc_Acidobacteria	-_cellular organisms;d_Bacteria;p_Acidobacteria
k141_1617946	2	superkingdom	Bacteria	6	5	5	1.000	uc_Bacteria;uc_Bacteria;uc_Bacteria	-_cellular organisms;d_Bacteria
k141_1439035	2	superkingdom	Bacteria	4	3	2	0.520	uc_Bacteria;uc_Bacteria;uc_Bacteria	-_cellular organisms;d_Bacteria
k141_936747	57723	phylum	Acidobacteria	16	14	9	0.640	unknown;Acidobacteria;uc_Acidobacteria	-_cellular organisms;d_Bacteria;p_Acidobacteria
k141_602243	57723	phylum	Acidobacteria	2	2	1	0.500	unknown;Acidobacteria;uc_Acidobacteria	-_cellular organisms;d_Bacteria;p_Acidobacteria
k141_2450822	2	superkingdom	Bacteria	17	15	14	0.920	uc_Bacteria;uc_Bacteria;uc_Bacteria	-_cellular organisms;d_Bacteria
k141_1774021	1803033	species	Acidobacteria bacterium SCGC AG-212-P17	3	2	1	0.500	unknown;Acidobacteria;unknown	-_cellular organisms;d_Bacteria;p_Acidobacteria;-_unclassified Acidobacteria;s_Acidobacteria bacterium SCGC AG-212-P17
k141_603203	57723	phylum	Acidobacteria	8	7	5	0.710	unknown;Acidobacteria;uc_Acidobacteria	-_cellular organisms;d_Bacteria;p_Acidobacteria
k141_765700	57723	phylum	Acidobacteria	2	2	1	0.500	unknown;Acidobacteria;uc_Acidobacteria	-_cellular organisms;d_Bacteria;p_Acidobacteria
k141_766390	57723	phylum	Acidobacteria	5	4	2	0.660	unknown;Acidobacteria;uc_Acidobacteria	-_cellular organisms;d_Bacteria;p_Acidobacteria
k141_1105842	2	superkingdom	Bacteria	7	6	4	0.790	uc_Bacteria;uc_Bacteria;uc_Bacteria	-_cellular organisms;d_Bacteria
k141_425808	2	superkingdom	Bacteria	9	7	5	0.670	uc_Bacteria;uc_Bacteria;uc_Bacteria	-_cellular organisms;d_Bacteria
k141_589211	57723	phylum	Acidobacteria	11	10	8	0.800	unknown;Acidobacteria;uc_Acidobacteria	-_cellular organisms;d_Bacteria;p_Acidobacteria
k141_2101562	1	no rank	root	17	14	14	1.000	unknown;unknown;unknown	-_root
k141_1092360	57723	phylum	Acidobacteria	8	6	5	1.000	unknown;Acidobacteria;uc_Acidobacteria	-_cellular organisms;d_Bacteria;p_Acidobacteria
k141_1427827	204434	family	Acidobacteriaceae	3	2	1	0.500	unknown;Acidobacteria;Acidobacteriaceae	-_cellular organisms;d_Bacteria;p_Acidobacteria;c_Acidobacteriia;o_Acidobacteriales;f_Acidobacteriaceae
k141_754055	57723	phylum	Acidobacteria	8	8	5	0.660	unknown;Acidobacteria;uc_Acidobacteria	-_cellular organisms;d_Bacteria;p_Acidobacteria
k141_253514	2	superkingdom	Bacteria	17	17	15	0.880	uc_Bacteria;uc_Bacteria;uc_Bacteria	-_cellular organisms;d_Bacteria
k141_2270360	2	superkingdom	Bacteria	14	14	11	0.700	uc_Bacteria;uc_Bacteria;uc_Bacteria	-_cellular organisms;d_Bacteria
k141_1933992	2	superkingdom	Bacteria	8	6	6	1.000	uc_Bacteria;uc_Bacteria;uc_Bacteria	-_cellular organisms;d_Bacteria
k141_1261994	57723	phylum	Acidobacteria	22	20	12	0.660	unknown;Acidobacteria;uc_Acidobacteria	-_cellular organisms;d_Bacteria;p_Acidobacteria
k141_189059	57723	phylum	Acidobacteria	9	8	5	0.710	unknown;Acidobacteria;uc_Acidobacteria	-_cellular organisms;d_Bacteria;p_Acidobacteria
k141_526686	2	superkingdom	Bacteria	5	4	3	0.540	uc_Bacteria;uc_Bacteria;uc_Bacteria	-_cellular organisms;d_Bacteria
k141_21795	57723	phylum	Acidobacteria	16	15	8	0.500	unknown;Acidobacteria;uc_Acidobacteria	-_cellular organisms;d_Bacteria;p_Acidobacteria
k141_1199068	57723	phylum	Acidobacteria	4	4	2	0.500	unknown;Acidobacteria;uc_Acidobacteria	-_cellular organisms;d_Bacteria;p_Acidobacteria
k141_2040554	2	superkingdom	Bacteria	9	7	4	0.570	uc_Bacteria;uc_Bacteria;uc_Bacteria	-_cellular organisms;d_Bacteria
k141_2208586	57723	phylum	Acidobacteria	10	9	5	0.620	unknown;Acidobacteria;uc_Acidobacteria	-_cellular organisms;d_Bacteria;p_Acidobacteria
k141_1367778	2	superkingdom	Bacteria	5	4	4	1.000	uc_Bacteria;uc_Bacteria;uc_Bacteria	-_cellular organisms;d_Bacteria
k141_1367831	1	no rank	root	6	5	5	1.000	unknown;unknown;unknown	-_root
k141_2376515	57723	phylum	Acidobacteria	8	6	4	0.670	unknown;Acidobacteria;uc_Acidobacteria	-_cellular organisms;d_Bacteria;p_Acidobacteria
k141_191109	57723	phylum	Acidobacteria	10	10	6	0.600	unknown;Acidobacteria;uc_Acidobacteria	-_cellular organisms;d_Bacteria;p_Acidobacteria
k141_1466325	2	superkingdom	Bacteria	32	31	25	0.810	uc_Bacteria;uc_Bacteria;uc_Bacteria	-_cellular organisms;d_Bacteria
k141_1131264	57723	phylum	Acidobacteria	5	5	3	0.510	unknown;Acidobacteria;uc_Acidobacteria	-_cellular organisms;d_Bacteria;p_Acidobacteria
k141_121562	2	superkingdom	Bacteria	6	5	4	0.800	uc_Bacteria;uc_Bacteria;uc_Bacteria	-_cellular organisms;d_Bacteria
k141_121608	57723	phylum	Acidobacteria	8	5	3	0.740	unknown;Acidobacteria;uc_Acidobacteria	-_cellular organisms;d_Bacteria;p_Acidobacteria
k141_1467370	57723	phylum	Acidobacteria	6	5	4	0.800	unknown;Acidobacteria;uc_Acidobacteria	-_cellular organisms;d_Bacteria;p_Acidobacteria
k141_293367	57723	phylum	Acidobacteria	7	6	3	0.500	unknown;Acidobacteria;uc_Acidobacteria	-_cellular organisms;d_Bacteria;p_Acidobacteria
k141_1972970	2	superkingdom	Bacteria	3	3	3	1.000	uc_Bacteria;uc_Bacteria;uc_Bacteria	-_cellular organisms;d_Bacteria
k141_293529	2	superkingdom	Bacteria	6	4	3	0.750	uc_Bacteria;uc_Bacteria;uc_Bacteria	-_cellular organisms;d_Bacteria
k141_293609	57723	phylum	Acidobacteria	7	7	4	0.570	unknown;Acidobacteria;uc_Acidobacteria	-_cellular organisms;d_Bacteria;p_Acidobacteria
k141_793802	2	superkingdom	Bacteria	8	7	7	1.000	uc_Bacteria;uc_Bacteria;uc_Bacteria	-_cellular organisms;d_Bacteria
k141_2363279	2	superkingdom	Bacteria	7	7	5	0.740	uc_Bacteria;uc_Bacteria;uc_Bacteria	-_cellular organisms;d_Bacteria
k141_2027255	57723	phylum	Acidobacteria	4	4	2	0.650	unknown;Acidobacteria;uc_Acidobacteria	-_cellular organisms;d_Bacteria;p_Acidobacteria
k141_8853	2	superkingdom	Bacteria	13	11	8	0.740	uc_Bacteria;uc_Bacteria;uc_Bacteria	-_cellular organisms;d_Bacteria
k141_2027708	2	superkingdom	Bacteria	7	7	4	0.500	uc_Bacteria;uc_Bacteria;uc_Bacteria	-_cellular organisms;d_Bacteria
k141_1186362	2	superkingdom	Bacteria	29	25	14	0.530	uc_Bacteria;uc_Bacteria;uc_Bacteria	-_cellular organisms;d_Bacteria
k141_2195726	57723	phylum	Acidobacteria	3	3	2	0.520	unknown;Acidobacteria;uc_Acidobacteria	-_cellular organisms;d_Bacteria;p_Acidobacteria
k141_2364045	2	superkingdom	Bacteria	4	4	3	0.680	uc_Bacteria;uc_Bacteria;uc_Bacteria	-_cellular organisms;d_Bacteria
k141_2028111	57723	phylum	Acidobacteria	6	6	3	0.590	unknown;Acidobacteria;uc_Acidobacteria	-_cellular organisms;d_Bacteria;p_Acidobacteria
k141_1524499	2	superkingdom	Bacteria	7	6	4	0.670	uc_Bacteria;uc_Bacteria;uc_Bacteria	-_cellular organisms;d_Bacteria
k141_1859857	57723	phylum	Acidobacteria	3	3	2	0.670	unknown;Acidobacteria;uc_Acidobacteria	-_cellular organisms;d_Bacteria;p_Acidobacteria
k141_1577667	2169412	species	Acidobacteriia bacterium AA117	2	2	1	0.500	unknown;Acidobacteria;unknown	-_cellular organisms;d_Bacteria;p_Acidobacteria;c_Acidobacteriia;-_unclassified Acidobacteriia;s_Acidobacteriia bacterium AA117
k141_2244045	57723	phylum	Acidobacteria	6	5	3	0.600	unknown;Acidobacteria;uc_Acidobacteria	-_cellular organisms;d_Bacteria;p_Acidobacteria
k141_1403626	57723	phylum	Acidobacteria	6	5	3	0.600	unknown;Acidobacteria;uc_Acidobacteria	-_cellular organisms;d_Bacteria;p_Acidobacteria
k141_58949	57723	phylum	Acidobacteria	3	3	2	0.670	unknown;Acidobacteria;uc_Acidobacteria	-_cellular organisms;d_Bacteria;p_Acidobacteria
k141_228016	57723	phylum	Acidobacteria	3	3	2	0.670	unknown;Acidobacteria;uc_Acidobacteria	-_cellular organisms;d_Bacteria;p_Acidobacteria
k141_1404086	57723	phylum	Acidobacteria	3	3	2	0.670	unknown;Acidobacteria;uc_Acidobacteria	-_cellular organisms;d_Bacteria;p_Acidobacteria
k141_59310	2	superkingdom	Bacteria	17	14	13	0.920	uc_Bacteria;uc_Bacteria;uc_Bacteria	-_cellular organisms;d_Bacteria
k141_2077925	57723	phylum	Acidobacteria	3	3	2	0.670	unknown;Acidobacteria;uc_Acidobacteria	-_cellular organisms;d_Bacteria;p_Acidobacteria
k141_1068804	2	superkingdom	Bacteria	6	6	4	0.670	uc_Bacteria;uc_Bacteria;uc_Bacteria	-_cellular organisms;d_Bacteria
k141_402011	1978231	species	Acidobacteria bacterium	6	4	2	0.650	unknown;Acidobacteria;unknown	-_cellular organisms;d_Bacteria;p_Acidobacteria;-_unclassified Acidobacteria;s_Acidobacteria bacterium
k141_2549348	2	superkingdom	Bacteria	23	21	14	0.700	uc_Bacteria;uc_Bacteria;uc_Bacteria	-_cellular organisms;d_Bacteria
k141_26327	2	superkingdom	Bacteria	6	6	5	0.760	uc_Bacteria;uc_Bacteria;uc_Bacteria	-_cellular organisms;d_Bacteria
k141_1875967	57723	phylum	Acidobacteria	18	18	13	0.710	unknown;Acidobacteria;uc_Acidobacteria	-_cellular organisms;d_Bacteria;p_Acidobacteria
k141_366277	57723	phylum	Acidobacteria	9	8	4	0.500	unknown;Acidobacteria;uc_Acidobacteria	-_cellular organisms;d_Bacteria;p_Acidobacteria
k141_1544618	2	superkingdom	Bacteria	14	12	7	0.550	uc_Bacteria;uc_Bacteria;uc_Bacteria	-_cellular organisms;d_Bacteria
k141_1036893	2	superkingdom	Bacteria	3	3	3	1.000	uc_Bacteria;uc_Bacteria;uc_Bacteria	-_cellular organisms;d_Bacteria
k141_699711	2	superkingdom	Bacteria	3	3	3	1.000	uc_Bacteria;uc_Bacteria;uc_Bacteria	-_cellular organisms;d_Bacteria
k141_2214236	2	superkingdom	Bacteria	6	5	4	0.800	uc_Bacteria;uc_Bacteria;uc_Bacteria	-_cellular organisms;d_Bacteria
k141_533395	2	superkingdom	Bacteria	2	2	2	1.000	uc_Bacteria;uc_Bacteria;uc_Bacteria	-_cellular organisms;d_Bacteria
k141_1709529	2	superkingdom	Bacteria	6	6	5	0.760	uc_Bacteria;uc_Bacteria;uc_Bacteria	-_cellular organisms;d_Bacteria
k141_370329	57723	phylum	Acidobacteria	17	14	9	0.690	unknown;Acidobacteria;uc_Acidobacteria	-_cellular organisms;d_Bacteria;p_Acidobacteria
k141_1376512	1	no rank	root	4	4	4	1.000	unknown;unknown;unknown	-_root
k141_2049829	204432	class	Acidobacteriia	7	6	3	0.500	unknown;Acidobacteria;uc_Acidobacteriia	-_cellular organisms;d_Bacteria;p_Acidobacteria;c_Acidobacteriia
k141_873102	2	superkingdom	Bacteria	6	6	5	0.970	uc_Bacteria;uc_Bacteria;uc_Bacteria	-_cellular organisms;d_Bacteria
k141_537171	2	superkingdom	Bacteria	5	5	4	0.990	uc_Bacteria;uc_Bacteria;uc_Bacteria	-_cellular organisms;d_Bacteria
k141_537195	2	superkingdom	Bacteria	7	6	4	0.670	uc_Bacteria;uc_Bacteria;uc_Bacteria	-_cellular organisms;d_Bacteria
k141_703695	1	no rank	root	2	2	2	1.000	unknown;unknown;unknown	-_root
k141_2555532	2	superkingdom	Bacteria	7	6	5	0.690	uc_Bacteria;uc_Bacteria;uc_Bacteria	-_cellular organisms;d_Bacteria
k141_1713104	2	superkingdom	Bacteria	4	4	3	0.670	uc_Bacteria;uc_Bacteria;uc_Bacteria	-_cellular organisms;d_Bacteria
k141_873977	57723	phylum	Acidobacteria	8	7	4	0.570	unknown;Acidobacteria;uc_Acidobacteria	-_cellular organisms;d_Bacteria;p_Acidobacteria
k141_2387006	2	superkingdom	Bacteria	9	9	9	1.000	uc_Bacteria;uc_Bacteria;uc_Bacteria	-_cellular organisms;d_Bacteria
k141_372619	204432	class	Acidobacteriia	3	3	2	0.510	unknown;Acidobacteria;uc_Acidobacteriia	-_cellular organisms;d_Bacteria;p_Acidobacteria;c_Acidobacteriia
k141_1882694	2	superkingdom	Bacteria	4	3	3	1.000	uc_Bacteria;uc_Bacteria;uc_Bacteria	-_cellular organisms;d_Bacteria
k141_2051530	2	superkingdom	Bacteria	28	23	18	0.750	uc_Bacteria;uc_Bacteria;uc_Bacteria	-_cellular organisms;d_Bacteria
k141_2051714	2	superkingdom	Bacteria	12	9	8	0.890	uc_Bacteria;uc_Bacteria;uc_Bacteria	-_cellular organisms;d_Bacteria
k141_373334	2169412	species	Acidobacteriia bacterium AA117	2	2	1	0.500	unknown;Acidobacteria;unknown	-_cellular organisms;d_Bacteria;p_Acidobacteria;c_Acidobacteriia;-_unclassified Acidobacteriia;s_Acidobacteriia bacterium AA117
k141_539343	2	superkingdom	Bacteria	10	9	8	0.810	uc_Bacteria;uc_Bacteria;uc_Bacteria	-_cellular organisms;d_Bacteria
k141_34158	57723	phylum	Acidobacteria	3	3	3	1.000	unknown;Acidobacteria;uc_Acidobacteria	-_cellular organisms;d_Bacteria;p_Acidobacteria
k141_2557784	57723	phylum	Acidobacteria	9	6	3	0.590	unknown;Acidobacteria;uc_Acidobacteria	-_cellular organisms;d_Bacteria;p_Acidobacteria
k141_2052607	2	superkingdom	Bacteria	5	5	5	1.000	uc_Bacteria;uc_Bacteria;uc_Bacteria	-_cellular organisms;d_Bacteria
k141_41143	204432	class	Acidobacteriia	6	5	2	0.630	unknown;Acidobacteria;uc_Acidobacteriia	-_cellular organisms;d_Bacteria;p_Acidobacteria;c_Acidobacteriia
k141_381587	57723	phylum	Acidobacteria	4	3	3	1.000	unknown;Acidobacteria;uc_Acidobacteria	-_cellular organisms;d_Bacteria;p_Acidobacteria
k141_1560627	1002691	species	Occallatibacter savannae	2	2	1	0.500	unknown;Acidobacteria;Acidobacteriaceae	-_cellular organisms;d_Bacteria;p_Acidobacteria;c_Acidobacteriia;o_Acidobacteriales;f_Acidobacteriaceae;g_Occallatibacter;s_Occallatibacter savannae
k141_42853	57723	phylum	Acidobacteria	11	11	8	0.670	unknown;Acidobacteria;uc_Acidobacteria	-_cellular organisms;d_Bacteria;p_Acidobacteria
k141_211159	1978231	species	Acidobacteria bacterium	2	2	1	0.500	unknown;Acidobacteria;unknown	-_cellular organisms;d_Bacteria;p_Acidobacteria;-_unclassified Acidobacteria;s_Acidobacteria bacterium
k141_1219951	57723	phylum	Acidobacteria	3	3	2	0.670	unknown;Acidobacteria;uc_Acidobacteria	-_cellular organisms;d_Bacteria;p_Acidobacteria
k141_2229054	57723	phylum	Acidobacteria	6	6	4	0.600	unknown;Acidobacteria;uc_Acidobacteria	-_cellular organisms;d_Bacteria;p_Acidobacteria
k141_1723981	57723	phylum	Acidobacteria	5	5	4	0.800	unknown;Acidobacteria;uc_Acidobacteria	-_cellular organisms;d_Bacteria;p_Acidobacteria
k141_2229530	57723	phylum	Acidobacteria	3	3	2	0.670	unknown;Acidobacteria;uc_Acidobacteria	-_cellular organisms;d_Bacteria;p_Acidobacteria
k141_1724353	1	no rank	root	17	15	15	1.000	unknown;unknown;unknown	-_root
k141_125508	2	superkingdom	Bacteria	1	1	1	1.000	uc_Bacteria;uc_Bacteria;uc_Bacteria	-_cellular organisms;d_Bacteria
k141_794389	2	superkingdom	Bacteria	5	4	3	0.670	uc_Bacteria;uc_Bacteria;uc_Bacteria	-_cellular organisms;d_Bacteria
k141_1975284	57723	phylum	Acidobacteria	8	7	3	0.960	unknown;Acidobacteria;uc_Acidobacteria	-_cellular organisms;d_Bacteria;p_Acidobacteria
k141_2652031	2	superkingdom	Bacteria	2	2	2	1.000	uc_Bacteria;uc_Bacteria;uc_Bacteria	-_cellular organisms;d_Bacteria
k141_297119	2	superkingdom	Bacteria	5	4	3	0.750	uc_Bacteria;uc_Bacteria;uc_Bacteria	-_cellular organisms;d_Bacteria
k141_2653609	57723	phylum	Acidobacteria	4	3	2	0.670	unknown;Acidobacteria;uc_Acidobacteria	-_cellular organisms;d_Bacteria;p_Acidobacteria
k141_971186	2	superkingdom	Bacteria	7	6	6	1.000	uc_Bacteria;uc_Bacteria;uc_Bacteria	-_cellular organisms;d_Bacteria
k141_2314692	57723	phylum	Acidobacteria	3	3	2	0.670	unknown;Acidobacteria;uc_Acidobacteria	-_cellular organisms;d_Bacteria;p_Acidobacteria
k141_2486015	2169412	species	Acidobacteriia bacterium AA117	8	8	4	0.500	unknown;Acidobacteria;unknown	-_cellular organisms;d_Bacteria;p_Acidobacteria;c_Acidobacteriia;-_unclassified Acidobacteriia;s_Acidobacteriia bacterium AA117
k141_298905	2	superkingdom	Bacteria	4	4	3	0.670	uc_Bacteria;uc_Bacteria;uc_Bacteria	-_cellular organisms;d_Bacteria
k141_2586909	57723	phylum	Acidobacteria	3	3	2	0.670	unknown;Acidobacteria;uc_Acidobacteria	-_cellular organisms;d_Bacteria;p_Acidobacteria
k141_1743121	57723	phylum	Acidobacteria	7	7	4	0.570	unknown;Acidobacteria;uc_Acidobacteria	-_cellular organisms;d_Bacteria;p_Acidobacteria
k141_1072181	2	superkingdom	Bacteria	5	5	4	0.800	uc_Bacteria;uc_Bacteria;uc_Bacteria	-_cellular organisms;d_Bacteria
k141_2249415	57723	phylum	Acidobacteria	3	3	2	0.670	unknown;Acidobacteria;uc_Acidobacteria	-_cellular organisms;d_Bacteria;p_Acidobacteria
k141_232246	57723	phylum	Acidobacteria	23	20	13	0.680	unknown;Acidobacteria;uc_Acidobacteria	-_cellular organisms;d_Bacteria;p_Acidobacteria
k141_1073071	2	superkingdom	Bacteria	4	3	3	1.000	uc_Bacteria;uc_Bacteria;uc_Bacteria	-_cellular organisms;d_Bacteria
k141_2588400	57723	phylum	Acidobacteria	8	8	4	0.560	unknown;Acidobacteria;uc_Acidobacteria	-_cellular organisms;d_Bacteria;p_Acidobacteria
k141_407549	57723	phylum	Acidobacteria	3	2	1	0.500	unknown;Acidobacteria;uc_Acidobacteria	-_cellular organisms;d_Bacteria;p_Acidobacteria
k141_2251730	57723	phylum	Acidobacteria	11	9	4	0.780	unknown;Acidobacteria;uc_Acidobacteria	-_cellular organisms;d_Bacteria;p_Acidobacteria
k141_1586304	57723	phylum	Acidobacteria	3	3	2	0.670	unknown;Acidobacteria;uc_Acidobacteria	-_cellular organisms;d_Bacteria;p_Acidobacteria
k141_1224419	1	no rank	root	7	6	6	1.000	unknown;unknown;unknown	-_root
k141_720204	2	superkingdom	Bacteria	14	14	12	0.800	uc_Bacteria;uc_Bacteria;uc_Bacteria	-_cellular organisms;d_Bacteria
k141_1225745	57723	phylum	Acidobacteria	12	11	9	0.820	unknown;Acidobacteria;uc_Acidobacteria	-_cellular organisms;d_Bacteria;p_Acidobacteria
k141_1568767	2	superkingdom	Bacteria	3	3	3	1.000	uc_Bacteria;uc_Bacteria;uc_Bacteria	-_cellular organisms;d_Bacteria
k141_2574294	57723	phylum	Acidobacteria	4	3	2	0.670	unknown;Acidobacteria;uc_Acidobacteria	-_cellular organisms;d_Bacteria;p_Acidobacteria
k141_893419	57723	phylum	Acidobacteria	5	4	3	0.750	unknown;Acidobacteria;uc_Acidobacteria	-_cellular organisms;d_Bacteria;p_Acidobacteria
k141_52008	2	superkingdom	Bacteria	12	9	7	0.750	uc_Bacteria;uc_Bacteria;uc_Bacteria	-_cellular organisms;d_Bacteria
k141_52159	2	superkingdom	Bacteria	10	10	7	0.580	uc_Bacteria;uc_Bacteria;uc_Bacteria	-_cellular organisms;d_Bacteria
k141_1901633	2169412	species	Acidobacteriia bacterium AA117	8	7	4	0.600	unknown;Acidobacteria;unknown	-_cellular organisms;d_Bacteria;p_Acidobacteria;c_Acidobacteriia;-_unclassified Acidobacteriia;s_Acidobacteriia bacterium AA117
k141_2575965	2	superkingdom	Bacteria	15	14	11	0.750	uc_Bacteria;uc_Bacteria;uc_Bacteria	-_cellular organisms;d_Bacteria
k141_2408171	57723	phylum	Acidobacteria	5	5	4	0.800	unknown;Acidobacteria;uc_Acidobacteria	-_cellular organisms;d_Bacteria;p_Acidobacteria
k141_1398781	1	no rank	root	5	5	5	1.000	unknown;unknown;unknown	-_root
k141_1573046	1978231	species	Acidobacteria bacterium	2	2	1	0.500	unknown;Acidobacteria;unknown	-_cellular organisms;d_Bacteria;p_Acidobacteria;-_unclassified Acidobacteria;s_Acidobacteria bacterium
k141_1351587	2	superkingdom	Bacteria	5	4	4	1.000	uc_Bacteria;uc_Bacteria;uc_Bacteria	-_cellular organisms;d_Bacteria
k141_1351814	2	superkingdom	Bacteria	8	8	5	0.580	uc_Bacteria;uc_Bacteria;uc_Bacteria	-_cellular organisms;d_Bacteria
k141_6885	2	superkingdom	Bacteria	4	3	2	0.990	uc_Bacteria;uc_Bacteria;uc_Bacteria	-_cellular organisms;d_Bacteria
k141_1857198	2	superkingdom	Bacteria	3	3	3	1.000	uc_Bacteria;uc_Bacteria;uc_Bacteria	-_cellular organisms;d_Bacteria
k141_2025569	2	superkingdom	Bacteria	7	7	7	1.000	uc_Bacteria;uc_Bacteria;uc_Bacteria	-_cellular organisms;d_Bacteria
k141_2530290	305072	no rank	unclassified Acidobacteria	4	3	2	0.670	unknown;Acidobacteria;unknown	-_cellular organisms;d_Bacteria;p_Acidobacteria;-_unclassified Acidobacteria
k141_1522274	57723	phylum	Acidobacteria	6	6	4	0.980	unknown;Acidobacteria;uc_Acidobacteria	-_cellular organisms;d_Bacteria;p_Acidobacteria
k141_848898	57723	phylum	Acidobacteria	5	5	4	0.800	unknown;Acidobacteria;uc_Acidobacteria	-_cellular organisms;d_Bacteria;p_Acidobacteria
k141_1017396	2	superkingdom	Bacteria	4	4	2	0.500	uc_Bacteria;uc_Bacteria;uc_Bacteria	-_cellular organisms;d_Bacteria
k141_345267	57723	phylum	Acidobacteria	5	5	4	0.800	unknown;Acidobacteria;uc_Acidobacteria	-_cellular organisms;d_Bacteria;p_Acidobacteria
k141_1355495	2169412	species	Acidobacteriia bacterium AA117	3	3	2	0.670	unknown;Acidobacteria;unknown	-_cellular organisms;d_Bacteria;p_Acidobacteria;c_Acidobacteriia;-_unclassified Acidobacteriia;s_Acidobacteriia bacterium AA117
k141_2364872	57723	phylum	Acidobacteria	8	7	4	0.570	unknown;Acidobacteria;uc_Acidobacteria	-_cellular organisms;d_Bacteria;p_Acidobacteria
k141_2364927	57723	phylum	Acidobacteria	4	4	2	0.500	unknown;Acidobacteria;uc_Acidobacteria	-_cellular organisms;d_Bacteria;p_Acidobacteria
k141_683421	57723	phylum	Acidobacteria	6	6	3	0.510	unknown;Acidobacteria;uc_Acidobacteria	-_cellular organisms;d_Bacteria;p_Acidobacteria
k141_348300	2	superkingdom	Bacteria	5	4	4	1.000	uc_Bacteria;uc_Bacteria;uc_Bacteria	-_cellular organisms;d_Bacteria
k141_348417	2	superkingdom	Bacteria	6	6	6	1.000	uc_Bacteria;uc_Bacteria;uc_Bacteria	-_cellular organisms;d_Bacteria
k141_684270	2	superkingdom	Bacteria	5	5	5	1.000	uc_Bacteria;uc_Bacteria;uc_Bacteria	-_cellular organisms;d_Bacteria
k141_1693425	2	superkingdom	Bacteria	10	8	5	0.630	uc_Bacteria;uc_Bacteria;uc_Bacteria	-_cellular organisms;d_Bacteria
k141_1189048	2	superkingdom	Bacteria	14	13	12	0.920	uc_Bacteria;uc_Bacteria;uc_Bacteria	-_cellular organisms;d_Bacteria
k141_12568	57723	phylum	Acidobacteria	19	19	14	0.710	unknown;Acidobacteria;uc_Acidobacteria	-_cellular organisms;d_Bacteria;p_Acidobacteria
k141_611511	57723	phylum	Acidobacteria	4	3	2	0.670	unknown;Acidobacteria;uc_Acidobacteria	-_cellular organisms;d_Bacteria;p_Acidobacteria
k141_2290362	204432	class	Acidobacteriia	3	2	1	0.500	unknown;Acidobacteria;uc_Acidobacteriia	-_cellular organisms;d_Bacteria;p_Acidobacteria;c_Acidobacteriia
k141_1953545	57723	phylum	Acidobacteria	3	3	2	0.670	unknown;Acidobacteria;uc_Acidobacteria	-_cellular organisms;d_Bacteria;p_Acidobacteria
k141_1629103	2	superkingdom	Bacteria	5	5	5	1.000	uc_Bacteria;uc_Bacteria;uc_Bacteria	-_cellular organisms;d_Bacteria
k141_1113658	2	superkingdom	Bacteria	7	6	5	0.800	uc_Bacteria;uc_Bacteria;uc_Bacteria	-_cellular organisms;d_Bacteria
k141_774503	2169412	species	Acidobacteriia bacterium AA117	5	4	2	0.500	unknown;Acidobacteria;unknown	-_cellular organisms;d_Bacteria;p_Acidobacteria;c_Acidobacteriia;-_unclassified Acidobacteriia;s_Acidobacteriia bacterium AA117
k141_451682	131567	no rank	cellular organisms	8	8	8	1.000	unknown;unknown;unknown	-_cellular organisms
k141_614022	2	superkingdom	Bacteria	9	8	7	0.840	uc_Bacteria;uc_Bacteria;uc_Bacteria	-_cellular organisms;d_Bacteria
k141_1785179	2	superkingdom	Bacteria	4	4	3	0.750	uc_Bacteria;uc_Bacteria;uc_Bacteria	-_cellular organisms;d_Bacteria
k141_614674	57723	phylum	Acidobacteria	14	11	7	0.690	unknown;Acidobacteria;uc_Acidobacteria	-_cellular organisms;d_Bacteria;p_Acidobacteria
k141_2022891	2	superkingdom	Bacteria	6	6	3	0.500	uc_Bacteria;uc_Bacteria;uc_Bacteria	-_cellular organisms;d_Bacteria
k141_2191191	2	superkingdom	Bacteria	7	7	6	0.990	uc_Bacteria;uc_Bacteria;uc_Bacteria	-_cellular organisms;d_Bacteria
k141_677474	2	superkingdom	Bacteria	5	5	2	0.650	uc_Bacteria;uc_Bacteria;uc_Bacteria	-_cellular organisms;d_Bacteria
k141_845814	2169412	species	Acidobacteriia bacterium AA117	6	6	3	0.500	unknown;Acidobacteria;unknown	-_cellular organisms;d_Bacteria;p_Acidobacteria;c_Acidobacteriia;-_unclassified Acidobacteriia;s_Acidobacteriia bacterium AA117
k141_1519296	57723	phylum	Acidobacteria	6	6	3	0.500	unknown;Acidobacteria;uc_Acidobacteria	-_cellular organisms;d_Bacteria;p_Acidobacteria
k141_173263	57723	phylum	Acidobacteria	4	4	2	0.500	unknown;Acidobacteria;uc_Acidobacteria	-_cellular organisms;d_Bacteria;p_Acidobacteria
k141_342159	57723	phylum	Acidobacteria	14	12	6	0.500	unknown;Acidobacteria;uc_Acidobacteria	-_cellular organisms;d_Bacteria;p_Acidobacteria
k141_2528437	2	superkingdom	Bacteria	4	3	3	1.000	uc_Bacteria;uc_Bacteria;uc_Bacteria	-_cellular organisms;d_Bacteria
k141_174139	57723	phylum	Acidobacteria	11	9	7	0.750	unknown;Acidobacteria;uc_Acidobacteria	-_cellular organisms;d_Bacteria;p_Acidobacteria
k141_2024577	57723	phylum	Acidobacteria	3	3	2	0.670	unknown;Acidobacteria;uc_Acidobacteria	-_cellular organisms;d_Bacteria;p_Acidobacteria
k141_1574457	57723	phylum	Acidobacteria	13	11	6	0.660	unknown;Acidobacteria;uc_Acidobacteria	-_cellular organisms;d_Bacteria;p_Acidobacteria
k141_55009	2	superkingdom	Bacteria	15	13	12	0.920	uc_Bacteria;uc_Bacteria;uc_Bacteria	-_cellular organisms;d_Bacteria
k141_1232424	2169412	species	Acidobacteriia bacterium AA117	10	6	3	0.500	unknown;Acidobacteria;unknown	-_cellular organisms;d_Bacteria;p_Acidobacteria;c_Acidobacteriia;-_unclassified Acidobacteriia;s_Acidobacteriia bacterium AA117
k141_561765	57723	phylum	Acidobacteria	4	4	4	1.000	unknown;Acidobacteria;uc_Acidobacteria	-_cellular organisms;d_Bacteria;p_Acidobacteria
k141_1232756	2	superkingdom	Bacteria	2	1	1	1.000	uc_Bacteria;uc_Bacteria;uc_Bacteria	-_cellular organisms;d_Bacteria
k141_397886	2	superkingdom	Bacteria	16	14	11	0.770	uc_Bacteria;uc_Bacteria;uc_Bacteria	-_cellular organisms;d_Bacteria
k141_1401284	57723	phylum	Acidobacteria	5	3	2	0.670	unknown;Acidobacteria;uc_Acidobacteria	-_cellular organisms;d_Bacteria;p_Acidobacteria
k141_562613	57723	phylum	Acidobacteria	4	3	2	0.670	unknown;Acidobacteria;uc_Acidobacteria	-_cellular organisms;d_Bacteria;p_Acidobacteria
k141_1065722	57723	phylum	Acidobacteria	7	6	4	0.750	unknown;Acidobacteria;uc_Acidobacteria	-_cellular organisms;d_Bacteria;p_Acidobacteria
k141_899231	57723	phylum	Acidobacteria	6	6	6	1.000	unknown;Acidobacteria;uc_Acidobacteria	-_cellular organisms;d_Bacteria;p_Acidobacteria
k141_432685	2	superkingdom	Bacteria	19	15	13	0.860	uc_Bacteria;uc_Bacteria;uc_Bacteria	-_cellular organisms;d_Bacteria
k141_2446069	1	no rank	root	5	5	5	1.000	unknown;unknown;unknown	-_root
k141_932607	57723	phylum	Acidobacteria	4	4	2	0.500	unknown;Acidobacteria;uc_Acidobacteria	-_cellular organisms;d_Bacteria;p_Acidobacteria
k141_2354823	57723	phylum	Acidobacteria	3	2	1	0.500	unknown;Acidobacteria;uc_Acidobacteria	-_cellular organisms;d_Bacteria;p_Acidobacteria
k141_1345691	57723	phylum	Acidobacteria	7	6	3	0.500	unknown;Acidobacteria;uc_Acidobacteria	-_cellular organisms;d_Bacteria;p_Acidobacteria
k141_1177612	57723	phylum	Acidobacteria	9	9	4	0.560	unknown;Acidobacteria;uc_Acidobacteria	-_cellular organisms;d_Bacteria;p_Acidobacteria
k141_2018743	2	superkingdom	Bacteria	3	3	2	0.670	uc_Bacteria;uc_Bacteria;uc_Bacteria	-_cellular organisms;d_Bacteria
k141_2523335	57723	phylum	Acidobacteria	4	4	2	0.950	unknown;Acidobacteria;uc_Acidobacteria	-_cellular organisms;d_Bacteria;p_Acidobacteria
k141_1346360	2	superkingdom	Bacteria	4	4	3	0.980	uc_Bacteria;uc_Bacteria;uc_Bacteria	-_cellular organisms;d_Bacteria
k141_1178323	57723	phylum	Acidobacteria	3	3	3	1.000	unknown;Acidobacteria;uc_Acidobacteria	-_cellular organisms;d_Bacteria;p_Acidobacteria
k141_2432692	2	superkingdom	Bacteria	3	2	1	0.500	uc_Bacteria;uc_Bacteria;uc_Bacteria	-_cellular organisms;d_Bacteria
k141_2602350	57723	phylum	Acidobacteria	10	9	7	0.780	unknown;Acidobacteria;uc_Acidobacteria	-_cellular organisms;d_Bacteria;p_Acidobacteria
k141_77748	57723	phylum	Acidobacteria	14	14	7	0.500	unknown;Acidobacteria;uc_Acidobacteria	-_cellular organisms;d_Bacteria;p_Acidobacteria
k141_1087830	57723	phylum	Acidobacteria	3	3	3	1.000	unknown;Acidobacteria;uc_Acidobacteria	-_cellular organisms;d_Bacteria;p_Acidobacteria
k141_750223	57723	phylum	Acidobacteria	3	3	3	1.000	unknown;Acidobacteria;uc_Acidobacteria	-_cellular organisms;d_Bacteria;p_Acidobacteria
k141_587439	2	superkingdom	Bacteria	4	3	3	1.000	uc_Bacteria;uc_Bacteria;uc_Bacteria	-_cellular organisms;d_Bacteria
k141_425375	2	superkingdom	Bacteria	6	5	4	0.750	uc_Bacteria;uc_Bacteria;uc_Bacteria	-_cellular organisms;d_Bacteria
k141_2437021	2169412	species	Acidobacteriia bacterium AA117	4	4	2	0.500	unknown;Acidobacteria;unknown	-_cellular organisms;d_Bacteria;p_Acidobacteria;c_Acidobacteriia;-_unclassified Acidobacteriia;s_Acidobacteriia bacterium AA117
k141_1258206	2	superkingdom	Bacteria	7	6	5	0.800	uc_Bacteria;uc_Bacteria;uc_Bacteria	-_cellular organisms;d_Bacteria
k141_1760709	2	superkingdom	Bacteria	4	4	4	1.000	uc_Bacteria;uc_Bacteria;uc_Bacteria	-_cellular organisms;d_Bacteria
k141_100430	57723	phylum	Acidobacteria	4	3	2	0.670	unknown;Acidobacteria;uc_Acidobacteria	-_cellular organisms;d_Bacteria;p_Acidobacteria
k141_270389	2	superkingdom	Bacteria	17	17	13	0.750	uc_Bacteria;uc_Bacteria;uc_Bacteria	-_cellular organisms;d_Bacteria
k141_1951107	2	superkingdom	Bacteria	2	2	2	1.000	uc_Bacteria;uc_Bacteria;uc_Bacteria	-_cellular organisms;d_Bacteria
k141_1626558	57723	phylum	Acidobacteria	6	6	3	0.590	unknown;Acidobacteria;uc_Acidobacteria	-_cellular organisms;d_Bacteria;p_Acidobacteria
k141_1278267	2	superkingdom	Bacteria	28	28	20	0.710	uc_Bacteria;uc_Bacteria;uc_Bacteria	-_cellular organisms;d_Bacteria
k141_772062	2	superkingdom	Bacteria	3	3	3	1.000	uc_Bacteria;uc_Bacteria;uc_Bacteria	-_cellular organisms;d_Bacteria
k141_1781450	57723	phylum	Acidobacteria	6	5	3	0.740	unknown;Acidobacteria;uc_Acidobacteria	-_cellular organisms;d_Bacteria;p_Acidobacteria
k141_2458997	2	superkingdom	Bacteria	2	2	1	0.500	uc_Bacteria;uc_Bacteria;uc_Bacteria	-_cellular organisms;d_Bacteria
k141_611260	2169412	species	Acidobacteriia bacterium AA117	2	2	1	0.500	unknown;Acidobacteria;unknown	-_cellular organisms;d_Bacteria;p_Acidobacteria;c_Acidobacteriia;-_unclassified Acidobacteriia;s_Acidobacteriia bacterium AA117
k141_2459697	2	superkingdom	Bacteria	11	10	8	0.800	uc_Bacteria;uc_Bacteria;uc_Bacteria	-_cellular organisms;d_Bacteria
k141_1959133	57723	phylum	Acidobacteria	9	7	4	0.600	unknown;Acidobacteria;uc_Acidobacteria	-_cellular organisms;d_Bacteria;p_Acidobacteria
k141_1789188	2	superkingdom	Bacteria	7	7	7	1.000	uc_Bacteria;uc_Bacteria;uc_Bacteria	-_cellular organisms;d_Bacteria
k141_458091	57723	phylum	Acidobacteria	9	9	6	0.580	unknown;Acidobacteria;uc_Acidobacteria	-_cellular organisms;d_Bacteria;p_Acidobacteria
k141_458653	1	no rank	root	4	3	3	1.000	unknown;unknown;unknown	-_root
k141_780436	2	superkingdom	Bacteria	2	1	1	1.000	uc_Bacteria;uc_Bacteria;uc_Bacteria	-_cellular organisms;d_Bacteria
k141_1637813	57723	phylum	Acidobacteria	5	5	3	0.600	unknown;Acidobacteria;uc_Acidobacteria	-_cellular organisms;d_Bacteria;p_Acidobacteria
k141_620724	2	superkingdom	Bacteria	4	3	3	1.000	uc_Bacteria;uc_Bacteria;uc_Bacteria	-_cellular organisms;d_Bacteria
k141_459787	2	superkingdom	Bacteria	8	6	5	0.800	uc_Bacteria;uc_Bacteria;uc_Bacteria	-_cellular organisms;d_Bacteria
k141_1638184	1978231	species	Acidobacteria bacterium	7	6	3	0.500	unknown;Acidobacteria;unknown	-_cellular organisms;d_Bacteria;p_Acidobacteria;-_unclassified Acidobacteria;s_Acidobacteria bacterium
k141_1638549	2	superkingdom	Bacteria	4	3	2	0.970	uc_Bacteria;uc_Bacteria;uc_Bacteria	-_cellular organisms;d_Bacteria
k141_1746575	57723	phylum	Acidobacteria	8	8	4	0.570	unknown;Acidobacteria;uc_Acidobacteria	-_cellular organisms;d_Bacteria;p_Acidobacteria
k141_235704	2	superkingdom	Bacteria	6	5	5	1.000	uc_Bacteria;uc_Bacteria;uc_Bacteria	-_cellular organisms;d_Bacteria
k141_1747090	57723	phylum	Acidobacteria	11	11	6	0.550	unknown;Acidobacteria;uc_Acidobacteria	-_cellular organisms;d_Bacteria;p_Acidobacteria
k141_2422898	2	superkingdom	Bacteria	6	6	5	0.830	uc_Bacteria;uc_Bacteria;uc_Bacteria	-_cellular organisms;d_Bacteria
k141_1916690	57723	phylum	Acidobacteria	10	9	5	0.570	unknown;Acidobacteria;uc_Acidobacteria	-_cellular organisms;d_Bacteria;p_Acidobacteria
k141_68152	0	no rank	unclassified	1	0	0	0.000		
k141_1748499	2169412	species	Acidobacteriia bacterium AA117	4	2	1	0.500	unknown;Acidobacteria;unknown	-_cellular organisms;d_Bacteria;p_Acidobacteria;c_Acidobacteriia;-_unclassified Acidobacteriia;s_Acidobacteriia bacterium AA117
k141_1246969	2	superkingdom	Bacteria	5	5	4	0.970	uc_Bacteria;uc_Bacteria;uc_Bacteria	-_cellular organisms;d_Bacteria
k141_577242	57723	phylum	Acidobacteria	8	7	4	0.660	unknown;Acidobacteria;uc_Acidobacteria	-_cellular organisms;d_Bacteria;p_Acidobacteria
k141_577818	57723	phylum	Acidobacteria	24	23	11	0.520	unknown;Acidobacteria;uc_Acidobacteria	-_cellular organisms;d_Bacteria;p_Acidobacteria
k141_2643195	2	superkingdom	Bacteria	3	2	1	0.500	uc_Bacteria;uc_Bacteria;uc_Bacteria	-_cellular organisms;d_Bacteria
k141_117432	57723	phylum	Acidobacteria	4	4	4	1.000	unknown;Acidobacteria;uc_Acidobacteria	-_cellular organisms;d_Bacteria;p_Acidobacteria
k141_1462657	2	superkingdom	Bacteria	3	3	3	1.000	uc_Bacteria;uc_Bacteria;uc_Bacteria	-_cellular organisms;d_Bacteria
k141_627415	33075	species	Acidobacterium capsulatum	2	2	1	0.940	unknown;Acidobacteria;Acidobacteriaceae	-_cellular organisms;d_Bacteria;p_Acidobacteria;c_Acidobacteriia;o_Acidobacteriales;f_Acidobacteriaceae;g_Acidobacterium;s_Acidobacterium capsulatum
k141_961390	2169412	species	Acidobacteriia bacterium AA117	2	2	1	0.500	unknown;Acidobacteria;unknown	-_cellular organisms;d_Bacteria;p_Acidobacteria;c_Acidobacteriia;-_unclassified Acidobacteriia;s_Acidobacteriia bacterium AA117
k141_1464697	2169412	species	Acidobacteriia bacterium AA117	2	2	1	0.500	unknown;Acidobacteria;unknown	-_cellular organisms;d_Bacteria;p_Acidobacteria;c_Acidobacteriia;-_unclassified Acidobacteriia;s_Acidobacteriia bacterium AA117
k141_1969836	2	superkingdom	Bacteria	8	7	4	0.660	uc_Bacteria;uc_Bacteria;uc_Bacteria	-_cellular organisms;d_Bacteria
k141_2477995	1	no rank	root	11	11	11	1.000	unknown;unknown;unknown	-_root
k141_1130992	57723	phylum	Acidobacteria	8	7	5	0.710	unknown;Acidobacteria;uc_Acidobacteria	-_cellular organisms;d_Bacteria;p_Acidobacteria
k141_2478820	2	superkingdom	Bacteria	1	1	1	1.000	uc_Bacteria;uc_Bacteria;uc_Bacteria	-_cellular organisms;d_Bacteria
k141_542873	2	superkingdom	Bacteria	9	9	7	0.750	uc_Bacteria;uc_Bacteria;uc_Bacteria	-_cellular organisms;d_Bacteria
k141_1887284	57723	phylum	Acidobacteria	5	5	4	0.800	unknown;Acidobacteria;uc_Acidobacteria	-_cellular organisms;d_Bacteria;p_Acidobacteria
k141_1719045	57723	phylum	Acidobacteria	5	5	3	0.600	unknown;Acidobacteria;uc_Acidobacteria	-_cellular organisms;d_Bacteria;p_Acidobacteria
k141_2057337	2	superkingdom	Bacteria	13	12	8	0.640	uc_Bacteria;uc_Bacteria;uc_Bacteria	-_cellular organisms;d_Bacteria
k141_1888651	2	superkingdom	Bacteria	39	33	25	0.730	uc_Bacteria;uc_Bacteria;uc_Bacteria	-_cellular organisms;d_Bacteria
k141_545161	1224	phylum	Proteobacteria	4	4	2	0.660	unknown;Proteobacteria;uc_Proteobacteria	-_cellular organisms;d_Bacteria;p_Proteobacteria
k141_1384707	2	superkingdom	Bacteria	7	6	4	0.510	uc_Bacteria;uc_Bacteria;uc_Bacteria	-_cellular organisms;d_Bacteria
k141_1217434	57723	phylum	Acidobacteria	4	4	3	0.990	unknown;Acidobacteria;uc_Acidobacteria	-_cellular organisms;d_Bacteria;p_Acidobacteria
k141_209159	57723	phylum	Acidobacteria	8	8	4	0.650	unknown;Acidobacteria;uc_Acidobacteria	-_cellular organisms;d_Bacteria;p_Acidobacteria
k141_1890294	2	superkingdom	Bacteria	14	13	12	0.990	uc_Bacteria;uc_Bacteria;uc_Bacteria	-_cellular organisms;d_Bacteria
k141_968524	57723	phylum	Acidobacteria	8	8	6	0.750	unknown;Acidobacteria;uc_Acidobacteria	-_cellular organisms;d_Bacteria;p_Acidobacteria
k141_2144912	2	superkingdom	Bacteria	6	6	3	0.590	uc_Bacteria;uc_Bacteria;uc_Bacteria	-_cellular organisms;d_Bacteria
k141_474752	2	superkingdom	Bacteria	4	4	3	0.750	uc_Bacteria;uc_Bacteria;uc_Bacteria	-_cellular organisms;d_Bacteria
k141_528817	57723	phylum	Acidobacteria	10	9	7	0.750	unknown;Acidobacteria;uc_Acidobacteria	-_cellular organisms;d_Bacteria;p_Acidobacteria
k141_362594	2	superkingdom	Bacteria	5	5	5	1.000	uc_Bacteria;uc_Bacteria;uc_Bacteria	-_cellular organisms;d_Bacteria
k141_1033357	2	superkingdom	Bacteria	11	9	7	0.780	uc_Bacteria;uc_Bacteria;uc_Bacteria	-_cellular organisms;d_Bacteria
k141_24433	2	superkingdom	Bacteria	7	7	4	0.570	uc_Bacteria;uc_Bacteria;uc_Bacteria	-_cellular organisms;d_Bacteria
k141_1201561	1	no rank	root	11	11	11	1.000	unknown;unknown;unknown	-_root
k141_2211325	2169412	species	Acidobacteriia bacterium AA117	4	4	3	0.680	unknown;Acidobacteria;unknown	-_cellular organisms;d_Bacteria;p_Acidobacteria;c_Acidobacteriia;-_unclassified Acidobacteriia;s_Acidobacteriia bacterium AA117
k141_364354	2	superkingdom	Bacteria	6	6	4	0.670	uc_Bacteria;uc_Bacteria;uc_Bacteria	-_cellular organisms;d_Bacteria
k141_2470543	57723	phylum	Acidobacteria	3	3	2	0.960	unknown;Acidobacteria;uc_Acidobacteria	-_cellular organisms;d_Bacteria;p_Acidobacteria
k141_782668	2	superkingdom	Bacteria	8	7	4	0.570	uc_Bacteria;uc_Bacteria;uc_Bacteria	-_cellular organisms;d_Bacteria
k141_956475	2169412	species	Acidobacteriia bacterium AA117	3	2	1	0.500	unknown;Acidobacteria;unknown	-_cellular organisms;d_Bacteria;p_Acidobacteria;c_Acidobacteriia;-_unclassified Acidobacteriia;s_Acidobacteriia bacterium AA117
k141_1964863	2	superkingdom	Bacteria	9	9	9	1.000	uc_Bacteria;uc_Bacteria;uc_Bacteria	-_cellular organisms;d_Bacteria
k141_624254	2	superkingdom	Bacteria	7	7	4	0.500	uc_Bacteria;uc_Bacteria;uc_Bacteria	-_cellular organisms;d_Bacteria
k141_784715	2	superkingdom	Bacteria	9	7	7	1.000	uc_Bacteria;uc_Bacteria;uc_Bacteria	-_cellular organisms;d_Bacteria
k141_1965653	2	superkingdom	Bacteria	4	4	4	1.000	uc_Bacteria;uc_Bacteria;uc_Bacteria	-_cellular organisms;d_Bacteria
k141_115918	2	superkingdom	Bacteria	3	3	2	0.670	uc_Bacteria;uc_Bacteria;uc_Bacteria	-_cellular organisms;d_Bacteria
k141_464802	2	superkingdom	Bacteria	3	3	3	1.000	uc_Bacteria;uc_Bacteria;uc_Bacteria	-_cellular organisms;d_Bacteria
k141_287079	2	superkingdom	Bacteria	7	7	5	0.710	uc_Bacteria;uc_Bacteria;uc_Bacteria	-_cellular organisms;d_Bacteria
k141_885431	1	no rank	root	11	10	10	1.000	unknown;unknown;unknown	-_root
k141_1389249	2	superkingdom	Bacteria	4	4	4	1.000	uc_Bacteria;uc_Bacteria;uc_Bacteria	-_cellular organisms;d_Bacteria
k141_886019	1978231	species	Acidobacteria bacterium	3	3	2	0.670	unknown;Acidobacteria;unknown	-_cellular organisms;d_Bacteria;p_Acidobacteria;-_unclassified Acidobacteria;s_Acidobacteria bacterium
k141_2063557	1978231	species	Acidobacteria bacterium	2	2	1	0.500	unknown;Acidobacteria;unknown	-_cellular organisms;d_Bacteria;p_Acidobacteria;-_unclassified Acidobacteria;s_Acidobacteria bacterium
k141_1725634	57723	phylum	Acidobacteria	16	16	13	0.790	unknown;Acidobacteria;uc_Acidobacteria	-_cellular organisms;d_Bacteria;p_Acidobacteria
k141_2232292	2169412	species	Acidobacteriia bacterium AA117	2	2	1	0.500	unknown;Acidobacteria;unknown	-_cellular organisms;d_Bacteria;p_Acidobacteria;c_Acidobacteriia;-_unclassified Acidobacteriia;s_Acidobacteriia bacterium AA117
k141_1055626	2	superkingdom	Bacteria	14	14	10	0.690	uc_Bacteria;uc_Bacteria;uc_Bacteria	-_cellular organisms;d_Bacteria
k141_552406	204432	class	Acidobacteriia	7	7	4	0.500	unknown;Acidobacteria;uc_Acidobacteriia	-_cellular organisms;d_Bacteria;p_Acidobacteria;c_Acidobacteriia
k141_2401571	57723	phylum	Acidobacteria	7	6	4	0.610	unknown;Acidobacteria;uc_Acidobacteria	-_cellular organisms;d_Bacteria;p_Acidobacteria
k141_553255	2	superkingdom	Bacteria	12	10	7	0.720	uc_Bacteria;uc_Bacteria;uc_Bacteria	-_cellular organisms;d_Bacteria
k141_2453031	2	superkingdom	Bacteria	6	6	5	0.830	uc_Bacteria;uc_Bacteria;uc_Bacteria	-_cellular organisms;d_Bacteria
k141_1947141	2	superkingdom	Bacteria	5	4	3	0.530	uc_Bacteria;uc_Bacteria;uc_Bacteria	-_cellular organisms;d_Bacteria
k141_267461	2	superkingdom	Bacteria	14	13	12	0.920	uc_Bacteria;uc_Bacteria;uc_Bacteria	-_cellular organisms;d_Bacteria
k141_2623121	2	superkingdom	Bacteria	11	10	8	0.780	uc_Bacteria;uc_Bacteria;uc_Bacteria	-_cellular organisms;d_Bacteria
k141_2284560	57723	phylum	Acidobacteria	5	5	3	0.510	unknown;Acidobacteria;uc_Acidobacteria	-_cellular organisms;d_Bacteria;p_Acidobacteria
k141_444383	57723	phylum	Acidobacteria	8	8	5	0.710	unknown;Acidobacteria;uc_Acidobacteria	-_cellular organisms;d_Bacteria;p_Acidobacteria
k141_2623604	2	superkingdom	Bacteria	5	5	4	0.800	uc_Bacteria;uc_Bacteria;uc_Bacteria	-_cellular organisms;d_Bacteria
k141_606866	57723	phylum	Acidobacteria	6	5	3	0.750	unknown;Acidobacteria;uc_Acidobacteria	-_cellular organisms;d_Bacteria;p_Acidobacteria
k141_608518	2	superkingdom	Bacteria	6	6	5	0.830	uc_Bacteria;uc_Bacteria;uc_Bacteria	-_cellular organisms;d_Bacteria
k141_1779562	1978231	species	Acidobacteria bacterium	2	2	1	0.950	unknown;Acidobacteria;unknown	-_cellular organisms;d_Bacteria;p_Acidobacteria;-_unclassified Acidobacteria;s_Acidobacteria bacterium
k141_203577	2	superkingdom	Bacteria	11	9	8	0.880	uc_Bacteria;uc_Bacteria;uc_Bacteria	-_cellular organisms;d_Bacteria
k141_1553232	204432	class	Acidobacteriia	5	5	3	0.600	unknown;Acidobacteria;uc_Acidobacteriia	-_cellular organisms;d_Bacteria;p_Acidobacteria;c_Acidobacteriia
k141_2222020	204432	class	Acidobacteriia	3	3	2	0.520	unknown;Acidobacteria;uc_Acidobacteriia	-_cellular organisms;d_Bacteria;p_Acidobacteria;c_Acidobacteriia
k141_2054453	57723	phylum	Acidobacteria	3	3	3	1.000	unknown;Acidobacteria;uc_Acidobacteria	-_cellular organisms;d_Bacteria;p_Acidobacteria
k141_2560102	1978231	species	Acidobacteria bacterium	4	3	3	1.000	unknown;Acidobacteria;unknown	-_cellular organisms;d_Bacteria;p_Acidobacteria;-_unclassified Acidobacteria;s_Acidobacteria bacterium
k141_2054872	57723	phylum	Acidobacteria	6	5	3	0.600	unknown;Acidobacteria;uc_Acidobacteria	-_cellular organisms;d_Bacteria;p_Acidobacteria
k141_2391298	57723	phylum	Acidobacteria	18	17	9	0.530	unknown;Acidobacteria;uc_Acidobacteria	-_cellular organisms;d_Bacteria;p_Acidobacteria
k141_878248	57723	phylum	Acidobacteria	5	5	4	0.800	unknown;Acidobacteria;uc_Acidobacteria	-_cellular organisms;d_Bacteria;p_Acidobacteria
k141_2560644	57723	phylum	Acidobacteria	7	7	4	0.570	unknown;Acidobacteria;uc_Acidobacteria	-_cellular organisms;d_Bacteria;p_Acidobacteria
k141_708757	2	superkingdom	Bacteria	19	17	14	0.790	uc_Bacteria;uc_Bacteria;uc_Bacteria	-_cellular organisms;d_Bacteria
k141_1698485	2	superkingdom	Bacteria	7	6	5	0.800	uc_Bacteria;uc_Bacteria;uc_Bacteria	-_cellular organisms;d_Bacteria
k141_1363184	1978231	species	Acidobacteria bacterium	4	4	2	0.500	unknown;Acidobacteria;unknown	-_cellular organisms;d_Bacteria;p_Acidobacteria;-_unclassified Acidobacteria;s_Acidobacteria bacterium
k141_2036267	57723	phylum	Acidobacteria	5	5	3	0.670	unknown;Acidobacteria;uc_Acidobacteria	-_cellular organisms;d_Bacteria;p_Acidobacteria
k141_1699546	1	no rank	root	3	3	3	1.000	unknown;unknown;unknown	-_root
k141_186748	2	superkingdom	Bacteria	9	8	5	0.660	uc_Bacteria;uc_Bacteria;uc_Bacteria	-_cellular organisms;d_Bacteria
k141_18662	2	superkingdom	Bacteria	12	11	6	0.550	uc_Bacteria;uc_Bacteria;uc_Bacteria	-_cellular organisms;d_Bacteria
k141_523521	2	superkingdom	Bacteria	10	9	7	0.680	uc_Bacteria;uc_Bacteria;uc_Bacteria	-_cellular organisms;d_Bacteria
k141_1700355	57723	phylum	Acidobacteria	3	3	2	0.670	unknown;Acidobacteria;uc_Acidobacteria	-_cellular organisms;d_Bacteria;p_Acidobacteria
k141_1700586	2	superkingdom	Bacteria	5	5	5	1.000	uc_Bacteria;uc_Bacteria;uc_Bacteria	-_cellular organisms;d_Bacteria
k141_358377	57723	phylum	Acidobacteria	14	13	11	0.830	unknown;Acidobacteria;uc_Acidobacteria	-_cellular organisms;d_Bacteria;p_Acidobacteria
k141_1530419	57723	phylum	Acidobacteria	5	5	5	1.000	unknown;Acidobacteria;uc_Acidobacteria	-_cellular organisms;d_Bacteria;p_Acidobacteria
k141_2369298	2	superkingdom	Bacteria	3	3	2	0.670	uc_Bacteria;uc_Bacteria;uc_Bacteria	-_cellular organisms;d_Bacteria
k141_352873	57723	phylum	Acidobacteria	11	11	8	0.790	unknown;Acidobacteria;uc_Acidobacteria	-_cellular organisms;d_Bacteria;p_Acidobacteria
k141_2369380	57723	phylum	Acidobacteria	8	8	4	0.560	unknown;Acidobacteria;uc_Acidobacteria	-_cellular organisms;d_Bacteria;p_Acidobacteria
k141_1024830	2	superkingdom	Bacteria	16	15	13	0.850	uc_Bacteria;uc_Bacteria;uc_Bacteria	-_cellular organisms;d_Bacteria
k141_520991	2	superkingdom	Bacteria	23	22	17	0.690	uc_Bacteria;uc_Bacteria;uc_Bacteria	-_cellular organisms;d_Bacteria
k141_1697951	57723	phylum	Acidobacteria	13	13	8	0.510	unknown;Acidobacteria;uc_Acidobacteria	-_cellular organisms;d_Bacteria;p_Acidobacteria
k141_184866	2	superkingdom	Bacteria	20	18	16	0.840	uc_Bacteria;uc_Bacteria;uc_Bacteria	-_cellular organisms;d_Bacteria
k141_2203308	57723	phylum	Acidobacteria	2	2	2	1.000	unknown;Acidobacteria;uc_Acidobacteria	-_cellular organisms;d_Bacteria;p_Acidobacteria
k141_689445	2	superkingdom	Bacteria	7	7	5	0.670	uc_Bacteria;uc_Bacteria;uc_Bacteria	-_cellular organisms;d_Bacteria
k141_864202	57723	phylum	Acidobacteria	6	5	3	0.600	unknown;Acidobacteria;uc_Acidobacteria	-_cellular organisms;d_Bacteria;p_Acidobacteria
k141_1032114	2	superkingdom	Bacteria	6	5	5	1.000	uc_Bacteria;uc_Bacteria;uc_Bacteria	-_cellular organisms;d_Bacteria
k141_1032395	2	superkingdom	Bacteria	14	14	11	0.820	uc_Bacteria;uc_Bacteria;uc_Bacteria	-_cellular organisms;d_Bacteria
k141_597908	2	superkingdom	Bacteria	9	9	8	0.990	uc_Bacteria;uc_Bacteria;uc_Bacteria	-_cellular organisms;d_Bacteria
k141_760721	2169412	species	Acidobacteriia bacterium AA117	7	6	3	0.500	unknown;Acidobacteria;unknown	-_cellular organisms;d_Bacteria;p_Acidobacteria;c_Acidobacteriia;-_unclassified Acidobacteriia;s_Acidobacteriia bacterium AA117
k141_92109	57723	phylum	Acidobacteria	10	10	5	0.590	unknown;Acidobacteria;uc_Acidobacteria	-_cellular organisms;d_Bacteria;p_Acidobacteria
k141_1615864	57723	phylum	Acidobacteria	7	6	3	0.500	unknown;Acidobacteria;uc_Acidobacteria	-_cellular organisms;d_Bacteria;p_Acidobacteria
k141_1941753	2169412	species	Acidobacteriia bacterium AA117	3	3	2	0.670	unknown;Acidobacteria;unknown	-_cellular organisms;d_Bacteria;p_Acidobacteria;c_Acidobacteriia;-_unclassified Acidobacteriia;s_Acidobacteriia bacterium AA117
k141_2449202	57723	phylum	Acidobacteria	2	2	2	1.000	unknown;Acidobacteria;uc_Acidobacteria	-_cellular organisms;d_Bacteria;p_Acidobacteria
k141_2112944	2	superkingdom	Bacteria	8	7	6	0.860	uc_Bacteria;uc_Bacteria;uc_Bacteria	-_cellular organisms;d_Bacteria
k141_814241	2	superkingdom	Bacteria	4	4	4	1.000	uc_Bacteria;uc_Bacteria;uc_Bacteria	-_cellular organisms;d_Bacteria
k141_1996669	2169412	species	Acidobacteriia bacterium AA117	6	6	3	0.500	unknown;Acidobacteria;unknown	-_cellular organisms;d_Bacteria;p_Acidobacteria;c_Acidobacteriia;-_unclassified Acidobacteriia;s_Acidobacteriia bacterium AA117
k141_990611	2026735	species	Deltaproteobacteria bacterium	3	3	2	0.970	unknown;Proteobacteria;unknown	-_cellular organisms;d_Bacteria;p_Proteobacteria;-_delta/epsilon subdivisions;c_Deltaproteobacteria;-_unclassified Deltaproteobacteria;s_Deltaproteobacteria bacterium
k141_1157244	57723	phylum	Acidobacteria	9	6	3	0.590	unknown;Acidobacteria;uc_Acidobacteria	-_cellular organisms;d_Bacteria;p_Acidobacteria
k141_318602	2	superkingdom	Bacteria	7	6	4	0.670	uc_Bacteria;uc_Bacteria;uc_Bacteria	-_cellular organisms;d_Bacteria
k141_1157829	2	superkingdom	Bacteria	7	6	3	0.500	uc_Bacteria;uc_Bacteria;uc_Bacteria	-_cellular organisms;d_Bacteria
k141_1325226	2	superkingdom	Bacteria	2	2	2	1.000	uc_Bacteria;uc_Bacteria;uc_Bacteria	-_cellular organisms;d_Bacteria
k141_1678194	57723	phylum	Acidobacteria	11	8	6	0.750	unknown;Acidobacteria;uc_Acidobacteria	-_cellular organisms;d_Bacteria;p_Acidobacteria
k141_659246	2	superkingdom	Bacteria	13	10	7	0.630	uc_Bacteria;uc_Bacteria;uc_Bacteria	-_cellular organisms;d_Bacteria
k141_2677257	2	superkingdom	Bacteria	3	3	2	0.670	uc_Bacteria;uc_Bacteria;uc_Bacteria	-_cellular organisms;d_Bacteria
k141_2160561	57723	phylum	Acidobacteria	4	4	3	0.750	unknown;Acidobacteria;uc_Acidobacteria	-_cellular organisms;d_Bacteria;p_Acidobacteria
k141_1318513	2	superkingdom	Bacteria	4	3	2	0.670	uc_Bacteria;uc_Bacteria;uc_Bacteria	-_cellular organisms;d_Bacteria
k141_2500698	57723	phylum	Acidobacteria	2	2	1	0.500	unknown;Acidobacteria;uc_Acidobacteria	-_cellular organisms;d_Bacteria;p_Acidobacteria
k141_313246	2	superkingdom	Bacteria	5	5	3	0.730	uc_Bacteria;uc_Bacteria;uc_Bacteria	-_cellular organisms;d_Bacteria
k141_1488887	2	superkingdom	Bacteria	9	8	7	0.880	uc_Bacteria;uc_Bacteria;uc_Bacteria	-_cellular organisms;d_Bacteria
k141_495036	2	superkingdom	Bacteria	5	5	4	0.800	uc_Bacteria;uc_Bacteria;uc_Bacteria	-_cellular organisms;d_Bacteria
k141_1994547	57723	phylum	Acidobacteria	3	3	2	0.520	unknown;Acidobacteria;uc_Acidobacteria	-_cellular organisms;d_Bacteria;p_Acidobacteria
k141_2164558	2	superkingdom	Bacteria	3	3	2	0.520	uc_Bacteria;uc_Bacteria;uc_Bacteria	-_cellular organisms;d_Bacteria
k141_655671	57723	phylum	Acidobacteria	18	17	10	0.570	unknown;Acidobacteria;uc_Acidobacteria	-_cellular organisms;d_Bacteria;p_Acidobacteria
k141_1675678	57723	phylum	Acidobacteria	4	4	4	1.000	unknown;Acidobacteria;uc_Acidobacteria	-_cellular organisms;d_Bacteria;p_Acidobacteria
k141_647977	57723	phylum	Acidobacteria	5	5	3	0.600	unknown;Acidobacteria;uc_Acidobacteria	-_cellular organisms;d_Bacteria;p_Acidobacteria
k141_1987810	2	superkingdom	Bacteria	3	3	3	1.000	uc_Bacteria;uc_Bacteria;uc_Bacteria	-_cellular organisms;d_Bacteria
k141_1667066	2	superkingdom	Bacteria	6	6	4	0.670	uc_Bacteria;uc_Bacteria;uc_Bacteria	-_cellular organisms;d_Bacteria
k141_648287	57723	phylum	Acidobacteria	4	4	3	0.750	unknown;Acidobacteria;uc_Acidobacteria	-_cellular organisms;d_Bacteria;p_Acidobacteria
k141_806614	2	superkingdom	Bacteria	10	7	6	0.830	uc_Bacteria;uc_Bacteria;uc_Bacteria	-_cellular organisms;d_Bacteria
k141_648996	2	superkingdom	Bacteria	4	3	2	0.520	uc_Bacteria;uc_Bacteria;uc_Bacteria	-_cellular organisms;d_Bacteria
k141_1483841	2	superkingdom	Bacteria	5	5	4	0.800	uc_Bacteria;uc_Bacteria;uc_Bacteria	-_cellular organisms;d_Bacteria
k141_1989196	2169412	species	Acidobacteriia bacterium AA117	7	6	5	0.830	unknown;Acidobacteria;unknown	-_cellular organisms;d_Bacteria;p_Acidobacteria;c_Acidobacteriia;-_unclassified Acidobacteriia;s_Acidobacteriia bacterium AA117
k141_310955	2	superkingdom	Bacteria	5	5	3	0.510	uc_Bacteria;uc_Bacteria;uc_Bacteria	-_cellular organisms;d_Bacteria
k141_984514	2	superkingdom	Bacteria	7	7	6	0.860	uc_Bacteria;uc_Bacteria;uc_Bacteria	-_cellular organisms;d_Bacteria
k141_1138349	1	no rank	root	4	3	3	1.000	unknown;unknown;unknown	-_root
k141_2148205	57723	phylum	Acidobacteria	15	13	7	0.580	unknown;Acidobacteria;uc_Acidobacteria	-_cellular organisms;d_Bacteria;p_Acidobacteria
k141_1808177	57723	phylum	Acidobacteria	8	7	5	0.710	unknown;Acidobacteria;uc_Acidobacteria	-_cellular organisms;d_Bacteria;p_Acidobacteria
k141_300094	57723	phylum	Acidobacteria	6	6	3	0.500	unknown;Acidobacteria;uc_Acidobacteria	-_cellular organisms;d_Bacteria;p_Acidobacteria
k141_2148980	1978231	species	Acidobacteria bacterium	3	2	1	0.500	unknown;Acidobacteria;unknown	-_cellular organisms;d_Bacteria;p_Acidobacteria;-_unclassified Acidobacteria;s_Acidobacteria bacterium
k141_2488989	2	superkingdom	Bacteria	6	5	5	1.000	uc_Bacteria;uc_Bacteria;uc_Bacteria	-_cellular organisms;d_Bacteria
k141_1660784	2	superkingdom	Bacteria	8	8	4	0.570	uc_Bacteria;uc_Bacteria;uc_Bacteria	-_cellular organisms;d_Bacteria
k141_976969	2169412	species	Acidobacteriia bacterium AA117	3	2	2	1.000	unknown;Acidobacteria;unknown	-_cellular organisms;d_Bacteria;p_Acidobacteria;c_Acidobacteriia;-_unclassified Acidobacteriia;s_Acidobacteriia bacterium AA117
k141_2661619	2	superkingdom	Bacteria	5	5	5	1.000	uc_Bacteria;uc_Bacteria;uc_Bacteria	-_cellular organisms;d_Bacteria
k141_979001	57723	phylum	Acidobacteria	3	3	2	0.670	unknown;Acidobacteria;uc_Acidobacteria	-_cellular organisms;d_Bacteria;p_Acidobacteria
k141_1814150	2	superkingdom	Bacteria	6	6	6	1.000	uc_Bacteria;uc_Bacteria;uc_Bacteria	-_cellular organisms;d_Bacteria
k141_1145756	2	superkingdom	Bacteria	9	8	8	1.000	uc_Bacteria;uc_Bacteria;uc_Bacteria	-_cellular organisms;d_Bacteria
k141_485757	57723	phylum	Acidobacteria	7	6	4	0.670	unknown;Acidobacteria;uc_Acidobacteria	-_cellular organisms;d_Bacteria;p_Acidobacteria
k141_1313132	2169412	species	Acidobacteriia bacterium AA117	5	3	3	1.000	unknown;Acidobacteria;unknown	-_cellular organisms;d_Bacteria;p_Acidobacteria;c_Acidobacteriia;-_unclassified Acidobacteriia;s_Acidobacteriia bacterium AA117
k141_136005	2	superkingdom	Bacteria	15	13	11	0.850	uc_Bacteria;uc_Bacteria;uc_Bacteria	-_cellular organisms;d_Bacteria
k141_2323123	204432	class	Acidobacteriia	7	6	3	0.500	unknown;Acidobacteria;uc_Acidobacteriia	-_cellular organisms;d_Bacteria;p_Acidobacteria;c_Acidobacteriia
k141_804471	57723	phylum	Acidobacteria	2	2	1	0.500	unknown;Acidobacteria;uc_Acidobacteria	-_cellular organisms;d_Bacteria;p_Acidobacteria
k141_1313627	2	superkingdom	Bacteria	5	5	5	1.000	uc_Bacteria;uc_Bacteria;uc_Bacteria	-_cellular organisms;d_Bacteria
k141_486888	57723	phylum	Acidobacteria	6	5	4	0.750	unknown;Acidobacteria;uc_Acidobacteria	-_cellular organisms;d_Bacteria;p_Acidobacteria
k141_2156233	57723	phylum	Acidobacteria	13	12	8	0.640	unknown;Acidobacteria;uc_Acidobacteria	-_cellular organisms;d_Bacteria;p_Acidobacteria
k141_505865	57723	phylum	Acidobacteria	6	5	3	0.600	unknown;Acidobacteria;uc_Acidobacteria	-_cellular organisms;d_Bacteria;p_Acidobacteria
k141_1552	57723	phylum	Acidobacteria	5	4	3	0.970	unknown;Acidobacteria;uc_Acidobacteria	-_cellular organisms;d_Bacteria;p_Acidobacteria
k141_169932	57723	phylum	Acidobacteria	5	5	3	0.600	unknown;Acidobacteria;uc_Acidobacteria	-_cellular organisms;d_Bacteria;p_Acidobacteria
k141_1179120	57723	phylum	Acidobacteria	9	9	7	0.980	unknown;Acidobacteria;uc_Acidobacteria	-_cellular organisms;d_Bacteria;p_Acidobacteria
k141_338811	2169412	species	Acidobacteriia bacterium AA117	3	3	2	0.670	unknown;Acidobacteria;unknown	-_cellular organisms;d_Bacteria;p_Acidobacteria;c_Acidobacteriia;-_unclassified Acidobacteriia;s_Acidobacteriia bacterium AA117
k141_1179736	57723	phylum	Acidobacteria	5	5	3	0.740	unknown;Acidobacteria;uc_Acidobacteria	-_cellular organisms;d_Bacteria;p_Acidobacteria
k141_170854	57723	phylum	Acidobacteria	10	10	6	0.660	unknown;Acidobacteria;uc_Acidobacteria	-_cellular organisms;d_Bacteria;p_Acidobacteria
k141_843853	2	superkingdom	Bacteria	18	15	14	0.930	uc_Bacteria;uc_Bacteria;uc_Bacteria	-_cellular organisms;d_Bacteria
k141_1013271	2	superkingdom	Bacteria	9	9	6	0.630	uc_Bacteria;uc_Bacteria;uc_Bacteria	-_cellular organisms;d_Bacteria
k141_1518552	57723	phylum	Acidobacteria	3	3	2	0.670	unknown;Acidobacteria;uc_Acidobacteria	-_cellular organisms;d_Bacteria;p_Acidobacteria
